INSERT INTO Customer (Customer_ID, Customer_Name, Customer_Phone, SSN, Customer_Email) VALUES
(1, 'John Doe', '1234567890', '123-45-6789', 'john.doe@example.com'),
(2, 'Jane Smith', '0987654321', '987-65-4321', 'jane.smith@example.com'),
(3, 'Michael Johnson', '1112223333', '456-78-9012', 'michael.johnson@example.com'),
(4, 'Emily Brown', '9998887777', '234-56-7890', 'emily.brown@example.com'),
(5, 'David Lee', '7778889999', '876-54-3210', 'david.lee@example.com'),
(6, 'Sarah Taylor', '5556667777', '543-21-0987', 'sarah.taylor@example.com'),
(7, 'James Anderson', '3334445555', '321-09-8765', 'james.anderson@example.com'),
(8, 'Jennifer Martinez', '6667778888', '654-32-1098', 'jennifer.martinez@example.com'),
(9, 'Robert Wilson', '2223334444', '210-98-7654', 'robert.wilson@example.com'),
(10, 'Michelle Garcia', '4445556666', '109-87-6543', 'michelle.garcia@example.com'),
(11, 'Daniel Brown', '8889990000', '987-65-4321', 'daniel.brown@example.com'),
(12, 'Linda Clark', '5554443333', '876-54-3210', 'linda.clark@example.com'),
(13, 'Christopher Lee', '1112223333', '765-43-2109', 'christopher.lee@example.com'),
(14, 'Amanda Scott', '6665554444', '654-32-1098', 'amanda.scott@example.com'),
(15, 'Matthew Gonzalez', '3332221111', '543-21-0987', 'matthew.gonzalez@example.com'),
(16, 'Kimberly Hernandez', '9998887777', '432-10-9876', 'kimberly.hernandez@example.com'),
(17, 'Joshua Martinez', '4445556666', '321-09-8765', 'joshua.martinez@example.com'),
(18, 'Angela Perez', '8889990000', '210-98-7654', 'angela.perez@example.com'),
(19, 'Ryan Wood', '5556667777', '109-87-6543', 'ryan.wood@example.com'),
(20, 'Rebecca Evans', '2223334444', '987-65-4321', 'rebecca.evans@example.com'),
(21, 'Justin Torres', '7778889999', '876-54-3210', 'justin.torres@example.com'),
(22, 'Nicole King', '3334445555', '765-43-2109', 'nicole.king@example.com'),
(23, 'Brandon Wright', '9998887777', '654-32-1098', 'brandon.wright@example.com'),
(24, 'Samantha Hill', '6665554444', '543-21-0987', 'samantha.hill@example.com'),
(25, 'Kevin Scott', '1112223333', '432-10-9876', 'kevin.scott@example.com'),
(26, 'Heather Diaz', '4445556666', '321-09-8765', 'heather.diaz@example.com'),
(27, 'Stephanie Green', '8889990000', '210-98-7654', 'stephanie.green@example.com'),
(28, 'Andrew Flores', '5556667777', '109-87-6543', 'andrew.flores@example.com'),
(29, 'Jessica Russell', '2223334444', '987-65-4321', 'jessica.russell@example.com'),
(30, 'Jonathan Reyes', '7778889999', '876-54-3210', 'jonathan.reyes@example.com'),
(31, 'Emma White', '3334445555', '678-90-1234', 'emma.white@example.com'),
(32, 'Michael Johnson', '1112223333', '456-78-9012', 'michael.johnson@example.com'),
(33, 'Emily Brown', '9998887777', '234-56-7890', 'emily.brown@example.com'),
(34, 'David Lee', '7778889999', '876-54-3210', 'david.lee@example.com'),
(35, 'Sarah Taylor', '5556667777', '543-21-0987', 'sarah.taylor@example.com'),
(36, 'James Anderson', '3334445555', '321-09-8765', 'james.anderson@example.com'),
(37, 'Jennifer Martinez', '6667778888', '654-32-1098', 'jennifer.martinez@example.com'),
(38, 'Robert Wilson', '2223334444', '210-98-7654', 'robert.wilson@example.com'),
(39, 'Michelle Garcia', '4445556666', '109-87-6543', 'michelle.garcia@example.com'),
(40, 'Daniel Brown', '8889990000', '987-65-4321', 'daniel.brown@example.com'),
(41, 'Linda Clark', '5554443333', '876-54-3210', 'linda.clark@example.com'),
(42, 'Christopher Lee', '1112223333', '765-43-2109', 'christopher.lee@example.com'),
(43, 'Amanda Scott', '6665554444', '654-32-1098', 'amanda.scott@example.com'),
(44, 'Matthew Gonzalez', '3332221111', '543-21-0987', 'matthew.gonzalez@example.com'),
(45, 'Kimberly Hernandez', '9998887777', '432-10-9876', 'kimberly.hernandez@example.com'),
(46, 'Joshua Martinez', '4445556666', '321-09-8765', 'joshua.martinez@example.com'),
(47, 'Angela Perez', '8889990000', '210-98-7654', 'angela.perez@example.com'),
(48, 'Ryan Wood', '5556667777', '109-87-6543', 'ryan.wood@example.com'),
(49, 'Rebecca Evans', '2223334444', '987-65-4321', 'rebecca.evans@example.com'),
(50, 'Justin Torres', '7778889999', '876-54-3210', 'justin.torres@example.com'),
(51, 'Nicole King', '3334445555', '765-43-2109', 'nicole.king@example.com'),
(52, 'Brandon Wright', '9998887777', '654-32-1098', 'brandon.wright@example.com'),
(53, 'Samantha Hill', '6665554444', '543-21-0987', 'samantha.hill@example.com'),
(54, 'Kevin Scott', '1112223333', '432-10-9876', 'kevin.scott@example.com'),
(55, 'Heather Diaz', '4445556666', '321-09-8765', 'heather.diaz@example.com'),
(56, 'Stephanie Green', '8889990000', '210-98-7654', 'stephanie.green@example.com'),
(57, 'Andrew Flores', '5556667777', '109-87-6543', 'andrew.flores@example.com'),
(58, 'Jessica Russell', '2223334444', '987-65-4321', 'jessica.russell@example.com'),
(59, 'Jonathan Reyes', '7778889999', '876-54-3210', 'jonathan.reyes@example.com'),
(60, 'Emma White', '3334445555', '678-90-1234', 'emma.white@example.com'),
(61, 'Michael Johnson', '1112223333', '456-78-9012', 'michael.johnson@example.com'),
(62, 'Emily Brown', '9998887777', '234-56-7890', 'emily.brown@example.com'),
(63, 'David Lee', '7778889999', '876-54-3210', 'david.lee@example.com'),
(64, 'Sarah Taylor', '5556667777', '543-21-0987', 'sarah.taylor@example.com'),
(65, 'James Anderson', '3334445555', '321-09-8765', 'james.anderson@example.com'),
(66, 'Jennifer Martinez', '6667778888', '654-32-1098', 'jennifer.martinez@example.com'),
(67, 'Robert Wilson', '2223334444', '210-98-7654', 'robert.wilson@example.com'),
(68, 'Michelle Garcia', '4445556666', '109-87-6543', 'michelle.garcia@example.com'),
(69, 'Daniel Brown', '8889990000', '987-65-4321', 'daniel.brown@example.com'),
(70, 'Linda Clark', '5554443333', '876-54-3210', 'linda.clark@example.com');

OPEN SYMMETRIC KEY MySymmetricKey DECRYPTION BY CERTIFICATE MyCertificate;
INSERT INTO Customer (Customer_ID, Customer_Name, Customer_Phone, SSN, Customer_Email)

UPDATE Customer SET SSN = EncryptByKey(Key_GUID('MySymmetricKey'), '123-45-6789') WHERE Customer_ID = 1;
UPDATE Customer SET SSN = EncryptByKey(Key_GUID('MySymmetricKey'), '987-65-4321') WHERE Customer_ID = 2;
UPDATE Customer SET SSN = EncryptByKey(Key_GUID('MySymmetricKey'), '456-78-9012') WHERE Customer_ID = 3;
UPDATE Customer SET SSN = EncryptByKey(Key_GUID('MySymmetricKey'), '234-56-7890') WHERE Customer_ID = 4;
UPDATE Customer SET SSN = EncryptByKey(Key_GUID('MySymmetricKey'), '876-54-3210') WHERE Customer_ID = 5;
UPDATE Customer SET SSN = EncryptByKey(Key_GUID('MySymmetricKey'), '543-21-0987') WHERE Customer_ID = 6;
UPDATE Customer SET SSN = EncryptByKey(Key_GUID('MySymmetricKey'), '321-09-8765') WHERE Customer_ID = 7;
UPDATE Customer SET SSN = EncryptByKey(Key_GUID('MySymmetricKey'), '654-32-1098') WHERE Customer_ID = 8;
UPDATE Customer SET SSN = EncryptByKey(Key_GUID('MySymmetricKey'), '210-98-7654') WHERE Customer_ID = 9;
UPDATE Customer SET SSN = EncryptByKey(Key_GUID('MySymmetricKey'), '109-87-6543') WHERE Customer_ID = 10;
UPDATE Customer SET SSN = EncryptByKey(Key_GUID('MySymmetricKey'), '987-65-4321') WHERE Customer_ID = 11;
UPDATE Customer SET SSN = EncryptByKey(Key_GUID('MySymmetricKey'), '876-54-3210') WHERE Customer_ID = 12;
UPDATE Customer SET SSN = EncryptByKey(Key_GUID('MySymmetricKey'), '765-43-2109') WHERE Customer_ID = 13;
UPDATE Customer SET SSN = EncryptByKey(Key_GUID('MySymmetricKey'), '654-32-1098') WHERE Customer_ID = 14;
UPDATE Customer SET SSN = EncryptByKey(Key_GUID('MySymmetricKey'), '543-21-0987') WHERE Customer_ID = 15;
UPDATE Customer SET SSN = EncryptByKey(Key_GUID('MySymmetricKey'), '432-10-9876') WHERE Customer_ID = 16;
UPDATE Customer SET SSN = EncryptByKey(Key_GUID('MySymmetricKey'), '321-09-8765') WHERE Customer_ID = 17;
UPDATE Customer SET SSN = EncryptByKey(Key_GUID('MySymmetricKey'), '210-98-7654') WHERE Customer_ID = 18;
UPDATE Customer SET SSN = EncryptByKey(Key_GUID('MySymmetricKey'), '109-87-6543') WHERE Customer_ID = 19;
UPDATE Customer SET SSN = EncryptByKey(Key_GUID('MySymmetricKey'), '987-65-4321') WHERE Customer_ID = 20;
UPDATE Customer SET SSN = EncryptByKey(Key_GUID('MySymmetricKey'), '876-54-3210') WHERE Customer_ID = 21;
UPDATE Customer SET SSN = EncryptByKey(Key_GUID('MySymmetricKey'), '765-43-2109') WHERE Customer_ID = 22;
UPDATE Customer SET SSN = EncryptByKey(Key_GUID('MySymmetricKey'), '654-32-1098') WHERE Customer_ID = 23;
UPDATE Customer SET SSN = EncryptByKey(Key_GUID('MySymmetricKey'), '543-21-0987') WHERE Customer_ID = 24;
UPDATE Customer SET SSN = EncryptByKey(Key_GUID('MySymmetricKey'), '432-10-9876') WHERE Customer_ID = 25;
UPDATE Customer SET SSN = EncryptByKey(Key_GUID('MySymmetricKey'), '321-09-8765') WHERE Customer_ID = 26;
UPDATE Customer SET SSN = EncryptByKey(Key_GUID('MySymmetricKey'), '210-98-7654') WHERE Customer_ID = 27;
UPDATE Customer SET SSN = EncryptByKey(Key_GUID('MySymmetricKey'), '109-87-6543') WHERE Customer_ID = 28;
UPDATE Customer SET SSN = EncryptByKey(Key_GUID('MySymmetricKey'), '987-65-4321') WHERE Customer_ID = 29;
UPDATE Customer SET SSN = EncryptByKey(Key_GUID('MySymmetricKey'), '876-54-3210') WHERE Customer_ID = 30;
UPDATE Customer SET SSN = EncryptByKey(Key_GUID('MySymmetricKey'), '765-43-2109') WHERE Customer_ID = 31;
UPDATE Customer SET SSN = EncryptByKey(Key_GUID('MySymmetricKey'), '654-32-1098') WHERE Customer_ID = 32;
UPDATE Customer SET SSN = EncryptByKey(Key_GUID('MySymmetricKey'), '543-21-0987') WHERE Customer_ID = 33;
UPDATE Customer SET SSN = EncryptByKey(Key_GUID('MySymmetricKey'), '432-10-9876') WHERE Customer_ID = 34;
UPDATE Customer SET SSN = EncryptByKey(Key_GUID('MySymmetricKey'), '321-09-8765') WHERE Customer_ID = 35;
UPDATE Customer SET SSN = EncryptByKey(Key_GUID('MySymmetricKey'), '210-98-7654') WHERE Customer_ID = 36;
UPDATE Customer SET SSN = EncryptByKey(Key_GUID('MySymmetricKey'), '109-87-6543') WHERE Customer_ID = 37;
UPDATE Customer SET SSN = EncryptByKey(Key_GUID('MySymmetricKey'), '987-65-4321') WHERE Customer_ID = 38;
UPDATE Customer SET SSN = EncryptByKey(Key_GUID('MySymmetricKey'), '876-54-3210') WHERE Customer_ID = 39;
UPDATE Customer SET SSN = EncryptByKey(Key_GUID('MySymmetricKey'), '765-43-2109') WHERE Customer_ID = 40;
UPDATE Customer SET SSN = EncryptByKey(Key_GUID('MySymmetricKey'), '654-32-1098') WHERE Customer_ID = 41;
UPDATE Customer SET SSN = EncryptByKey(Key_GUID('MySymmetricKey'), '543-21-0987') WHERE Customer_ID = 42;
UPDATE Customer SET SSN = EncryptByKey(Key_GUID('MySymmetricKey'), '432-10-9876') WHERE Customer_ID = 43;
UPDATE Customer SET SSN = EncryptByKey(Key_GUID('MySymmetricKey'), '321-09-8765') WHERE Customer_ID = 44;
UPDATE Customer SET SSN = EncryptByKey(Key_GUID('MySymmetricKey'), '210-98-7654') WHERE Customer_ID = 45;
UPDATE Customer SET SSN = EncryptByKey(Key_GUID('MySymmetricKey'), '109-87-6543') WHERE Customer_ID = 46;
UPDATE Customer SET SSN = EncryptByKey(Key_GUID('MySymmetricKey'), '987-65-4321') WHERE Customer_ID = 47;
UPDATE Customer SET SSN = EncryptByKey(Key_GUID('MySymmetricKey'), '876-54-3210') WHERE Customer_ID = 48;
UPDATE Customer SET SSN = EncryptByKey(Key_GUID('MySymmetricKey'), '765-43-2109') WHERE Customer_ID = 49;
UPDATE Customer SET SSN = EncryptByKey(Key_GUID('MySymmetricKey'), '654-32-1098') WHERE Customer_ID = 50;
UPDATE Customer SET SSN = EncryptByKey(Key_GUID('MySymmetricKey'), '543-21-0987') WHERE Customer_ID = 51;
UPDATE Customer SET SSN = EncryptByKey(Key_GUID('MySymmetricKey'), '432-10-9876') WHERE Customer_ID = 52;
UPDATE Customer SET SSN = EncryptByKey(Key_GUID('MySymmetricKey'), '321-09-8765') WHERE Customer_ID = 53;
UPDATE Customer SET SSN = EncryptByKey(Key_GUID('MySymmetricKey'), '210-98-7654') WHERE Customer_ID = 54;
UPDATE Customer SET SSN = EncryptByKey(Key_GUID('MySymmetricKey'), '109-87-6543') WHERE Customer_ID = 55;
UPDATE Customer SET SSN = EncryptByKey(Key_GUID('MySymmetricKey'), '987-65-4321') WHERE Customer_ID = 56;
UPDATE Customer SET SSN = EncryptByKey(Key_GUID('MySymmetricKey'), '876-54-3210') WHERE Customer_ID = 57;
UPDATE Customer SET SSN = EncryptByKey(Key_GUID('MySymmetricKey'), '765-43-2109') WHERE Customer_ID = 58;
UPDATE Customer SET SSN = EncryptByKey(Key_GUID('MySymmetricKey'), '654-32-1098') WHERE Customer_ID = 59;
UPDATE Customer SET SSN = EncryptByKey(Key_GUID('MySymmetricKey'), '543-21-0987') WHERE Customer_ID = 60;
UPDATE Customer SET SSN = EncryptByKey(Key_GUID('MySymmetricKey'), '432-10-9876') WHERE Customer_ID = 61;
UPDATE Customer SET SSN = EncryptByKey(Key_GUID('MySymmetricKey'), '321-09-8765') WHERE Customer_ID = 62;
UPDATE Customer SET SSN = EncryptByKey(Key_GUID('MySymmetricKey'), '210-98-7654') WHERE Customer_ID = 63;
UPDATE Customer SET SSN = EncryptByKey(Key_GUID('MySymmetricKey'), '109-87-6543') WHERE Customer_ID = 64;
UPDATE Customer SET SSN = EncryptByKey(Key_GUID('MySymmetricKey'), '987-65-4321') WHERE Customer_ID = 65;
UPDATE Customer SET SSN = EncryptByKey(Key_GUID('MySymmetricKey'), '876-54-3210') WHERE Customer_ID = 66;
UPDATE Customer SET SSN = EncryptByKey(Key_GUID('MySymmetricKey'), '765-43-2109') WHERE Customer_ID = 67;
UPDATE Customer SET SSN = EncryptByKey(Key_GUID('MySymmetricKey'), '654-32-1098') WHERE Customer_ID = 68;
UPDATE Customer SET SSN = EncryptByKey(Key_GUID('MySymmetricKey'), '543-21-0987') WHERE Customer_ID = 69;
UPDATE Customer SET SSN = EncryptByKey(Key_GUID('MySymmetricKey'), '432-10-9876') WHERE Customer_ID = 70;

CLOSE SYMMETRIC KEY MySymmetricKey;

INSERT INTO Employee (Employee_ID, Name, Email, Phone, Designation, Address, Hiring_Date) VALUES
(1, 'John Doe', 'johndoe@example.com', '123-456-7890', 'Front Desk Manager', '123 Main St, Anytown, USA', '2022-01-10'),
(2, 'Jane Smith', 'janesmith@example.com', '234-567-8901', 'Housekeeping Supervisor', '456 Elm St, Anycity, USA', '2022-02-15'),
(3, 'Jim Brown', 'jimbrown@example.com', '345-678-9012', 'Event Coordinator', '789 Pine St, Anytown, USA', '2022-03-20'),
(4, 'Nancy White', 'nancywhite@example.com', '456-789-0123', 'Hotel Manager', '321 Oak St, Anycity, USA', '2022-04-25'),
(5, 'Alice Johnson', 'alicejohnson@example.com', '567-890-1234', 'Concierge', '654 Maple St, Anytown, USA', '2022-05-30'),
(6, 'Mike Wilson', 'mikewilson@example.com', '678-901-2345', 'Chef', '987 Cedar St, Anycity, USA', '2022-06-04'),
(7, 'Rachel Green', 'rachelgreen@example.com', '789-012-3456', 'Food and Beverage Manager', '345 Birch St, Anytown, USA', '2022-07-09'),
(8, 'Joshua Black', 'joshuablack@example.com', '890-123-4567', 'Banquet Manager', '567 Redwood St, Anycity, USA', '2022-08-13'),
(9, 'Emily Davis', 'emilydavis@example.com', '901-234-5678', 'Room Service Manager', '789 Palm St, Anytown, USA', '2022-09-17'),
(10, 'Kevin Moore', 'kevinmoore@example.com', '012-345-6789', 'Maintenance Manager', '321 Pine St, Anycity, USA', '2022-10-21'),
(11, 'Samantha Miller', 'samanthamiller@example.com', '123-456-7890', 'Receptionist', '654 Oak St, Anytown, USA', '2022-11-25'),
(12, 'Robert Brown', 'robertbrown@example.com', '234-567-8901', 'Housekeeper', '987 Maple St, Anycity, USA', '2022-12-30'),
(13, 'Lucy Wilson', 'lucywilson@example.com', '345-678-9012', 'Spa Manager', '321 Cedar St, Anytown, USA', '2023-01-04'),
(14, 'Tony Stark', 'tonystark@example.com', '456-789-0123', 'Security Manager', '123 Birch St, Anytown, USA', '2023-02-08'),
(15, 'Bruce Wayne', 'brucewayne@example.com', '567-890-1234', 'General Manager', '456 Redwood St, Anycity, USA', '2023-03-15'),
(16, 'Clark Kent', 'clarkkent@example.com', '678-901-2345', 'Bellhop', '789 Palm St, Anytown, USA', '2023-04-19'),
(17, 'Diana Prince', 'dianaprince@example.com', '789-012-3456', 'Marketing Manager', '321 Pine St, Anycity, USA', '2023-05-24'),
(18, 'Barry Allen', 'barryallen@example.com', '890-123-4567', 'Guest Services Associate', '654 Oak St, Anytown, USA', '2023-06-28'),
(19, 'Hal Jordan', 'haljordan@example.com', '901-234-5678', 'Porter', '987 Maple St, Anycity, USA', '2023-07-02'),
(20, 'Oliver Queen', 'oliverqueen@example.com', '012-345-6789', 'Night Auditor', '321 Cedar St, Anycity, USA', '2023-08-06'),
(21, 'John Parker', 'johnparker@example.com', '999-888-7777', 'Valet', '123 Valet St, Anytown, USA', '2023-09-01'),
(22, 'Peter Griffin', 'petergriffin@example.com', '101-202-3030', 'Valet', '404 Valet Way, Anytown, USA', '2023-09-10'),
(23, 'Lois Griffin', 'loisgriffin@example.com', '202-303-4040', 'Valet', '505 Valet Way, Anytown, USA', '2023-09-15'),
(24, 'Glenn Quagmire', 'glennquagmire@example.com', '303-404-5050', 'Valet', '606 Valet Way, Anytown, USA', '2023-09-20'),
(25, 'Cleveland Brown', 'clevelandbrown@example.com', '404-505-6060', 'Valet', '707 Valet Way, Anytown, USA', '2023-09-25');

INSERT INTO Inhouse_Guest (Customer_ID, Hotel_Phone_No) VALUES
(1, '9876543210'),(2, '1234567890'),(3, '5555555555'),(4, '9999999999'),(5, '1111111111'),(6, '7777777777'),(7, '3333333333'),(8, '8888888888'),(9, '2222222222'),(10, '4444444444'),
(11, '8888888888'),(12, '6666666666'),(13, '1111111111'),(14, '6666666666'),(15, '3333333333'),(16, '9999999999'),(17, '4444444444'),(18, '8888888888'),(19, '5555555555'),(20, '2222222222'),
(51, '9999999999'),(52, '1111111111'),(53, '7777777777'),(54, '3333333333'),(55, '8888888888'),(56, '2222222222'),(57, '4444444444'),(58, '8888888888'),(59, '6666666666'),
(60, '1111111111'),(61, '6666666666'),(62, '3333333333'),(63, '9999999999'),(64, '4444444444'),(65, '8888888888'),(66, '5555555555'),(67, '2222222222'),(68, '7777777777'),
(69, '4444444444'),(70, '5555555555');

INSERT INTO Restaurant_Guest (Customer_ID) VALUES
(21),(22),(23),(24),(25),(26),(27),(28),(29),(30),(31),(32),(33),(34),(35),(36),(37),(38),(39),(40),(41),(42),(43),(44),(45),(46),(47),(48),(49),(50),(51),(52),(53),(54),
(55),(56),(57),(58),(59),(60),(61),(62),(63),(64),(65),(66),(67),(68),(69),(70);

INSERT INTO Amenities (AmenityID, AmenityName)
VALUES 
(1, 'Free Wi-Fi'),(2, 'Swimming Pool'),(3, 'Spa Services'),(4, 'Fitness Center'),(5, '24-Hour Front Desk'),(6, 'On-site Parking'),(7, 'Business Center'),
(8, 'Room Service'),(9, 'Daily Housekeeping'),(10, 'Bar/Lounge');

INSERT INTO Room_Type (RoomTypeID, Price, Description)
VALUES 
(1, 100.00, 'Standard Room with one double bed, basic amenities, and street view.'),(2, 150.00, 'Deluxe Room with one queen bed, enhanced amenities, and garden view.'),
(3, 200.00, 'Executive Suite with one king bed, premium amenities, and city view.'),(4, 250.00, 'Family Suite with two queen beds, a living area, and pool view.'),
(5, 300.00, 'Presidential Suite with two king beds, top-tier amenities, private balcony, and panoramic view.'),(6, 350.00, 'Penthouse Suite with three bedrooms, exclusive amenities, full kitchen, private terrace, and skyline view.');

INSERT INTO Room_Amenities (RoomAmenitiesID, RoomTypeID, AmenityID, Status) VALUES
(1, 1, 1, 'Available'), (2, 1, 5, 'Available'), (3, 2, 1, 'Available'), (4, 2, 2, 'Available'), (5, 2, 5, 'Available'), (6, 3, 1, 'Available'),(7, 3, 2, 'Available'),
(8, 3, 3, 'Available'),(9, 3, 4, 'Available'),(10, 3, 5, 'Available'),(11, 4, 1, 'Available'),(12, 4, 2, 'Available'),(13, 4, 4, 'Available'),(14, 4, 6, 'Available'),
(15, 5, 1, 'Available'),(16, 5, 2, 'Available'),(17, 5, 3, 'Available'),(18, 5, 4, 'Available'),(19, 5, 5, 'Available'),(20, 5, 6, 'Available'),(21, 6, 1, 'Available'),
(22, 6, 2, 'Available'),(23, 6, 3, 'Available'),(24, 6, 4, 'Available'),(25, 6, 5, 'Available'),(26, 6, 6, 'Available');

INSERT INTO Room (Room_ID, Room_no, Room_Type, RoomTypeID)
VALUES  (1, 101, 'Standard', 1), (2, 102, 'Standard', 1), (3, 201, 'Deluxe', 2), (4, 202, 'Deluxe', 2), (5, 301, 'Executive Suite', 3), (6, 302, 'Executive Suite', 3),
(7, 401, 'Family Suite', 4), (8, 402, 'Family Suite', 4), (9, 501, 'Presidential Suite', 5), (10, 502, 'Presidential Suite', 5),(11, 601, 'Penthouse Suite', 6),
(12, 602, 'Penthouse Suite', 6), (13, 103, 'Standard', 1), (14, 203, 'Deluxe', 2), (15, 403, 'Family Suite', 4), (16, 104, 'Standard', 1), (17, 105, 'Standard', 1),
(18, 106, 'Standard', 1), (19, 107, 'Standard', 1), (20, 203, 'Deluxe', 2), (21, 204, 'Deluxe', 2), (22, 205, 'Deluxe', 2), (23, 206, 'Deluxe', 2),
(24, 303, 'Executive Suite', 3), (25, 304, 'Executive Suite', 3), (26, 305, 'Executive Suite', 3),(27, 403, 'Family Suite', 4),
(28, 404, 'Family Suite', 4), (29, 503, 'Presidential Suite', 5),(30, 603, 'Penthouse Suite', 6);

INSERT INTO [Transaction] (Transaction_ID, Transaction_Type, Transaction_date, Amount) VALUES
(1, 'Payment', '2023-02-11', 150.00), (2, 'Payment', '2023-01-11', 150.00), (3, 'Payment', '2023-01-12', 200.00), (4, 'Refund', '2023-01-13', 50.00),
(5, 'Payment', '2023-01-14', 75.00),(6, 'Payment', '2023-01-15', 300.00),(7, 'Refund', '2023-01-16', 100.00),(8, 'Payment', '2023-01-17', 450.00),
(9, 'Refund', '2023-01-18', 120.00),(10, 'Payment', '2023-01-19', 600.00),(11, 'Payment', '2023-01-20', 350.00),(12, 'Payment', '2023-01-21', 220.00),
(13, 'Refund', '2023-01-22', 80.00),(14, 'Payment', '2023-01-23', 160.00),(15, 'Payment', '2023-01-24', 410.00),(16, 'Refund', '2023-01-25', 110.00),
(17, 'Payment', '2023-01-26', 250.00),(18, 'Refund', '2023-01-27', 65.00),(19, 'Payment', '2023-01-28', 340.00),(20, 'Payment', '2023-01-29', 430.00),
(21, 'Refund', '2023-01-30', 190.00),(22, 'Payment', '2023-01-31', 280.00),(23, 'Payment', '2023-02-01', 170.00),(24, 'Refund', '2023-02-02', 90.00),
(25, 'Payment', '2023-02-03', 380.00),(26, 'Payment', '2023-02-04', 455.00),(27, 'Refund', '2023-02-05', 105.00),(28, 'Payment', '2023-02-06', 500.00),
(29, 'Refund', '2023-02-07', 130.00),(30, 'Payment', '2023-02-08', 620.00),(31, 'Payment', '2023-02-09', 350.00),(32, 'Payment', '2023-02-10', 260.00),
(33, 'Refund', '2023-02-11', 110.00),(34, 'Payment', '2023-02-12', 490.00),(35, 'Payment', '2023-02-13', 310.00),(36, 'Refund', '2023-02-14', 75.00),
(37, 'Payment', '2023-02-15', 540.00),(38, 'Payment', '2023-02-16', 410.00),(39, 'Refund', '2023-02-17', 95.00),(40, 'Payment', '2023-02-18', 370.00),
(41, 'Payment', '2023-02-19', 290.00),(42, 'Refund', '2023-02-20', 125.00),(43, 'Payment', '2023-02-21', 480.00),(44, 'Refund', '2023-02-22', 105.00),
(45, 'Payment', '2023-02-23', 500.00),(46, 'Payment', '2023-02-24', 325.00),(47, 'Refund', '2023-02-25', 130.00),(48, 'Payment', '2023-02-26', 460.00),
(49, 'Refund', '2023-02-27', 85.00),(50, 'Payment', '2023-02-28', 580.00),(51, 'Payment', '2023-03-01', 360.00);
INSERT INTO [Transaction] (Transaction_ID, Transaction_Type, Transaction_date, Amount) VALUES
(52, 'Payment', '2023-03-02', 220.00),(53, 'Refund', '2023-03-03', 80.00),(54, 'Payment', '2023-03-04', 450.00),(55, 'Payment', '2023-03-05', 360.00),
(56, 'Refund', '2023-03-06', 90.00),(57, 'Payment', '2023-03-07', 310.00),(58, 'Refund', '2023-03-08', 110.00),(59, 'Payment', '2023-03-09', 540.00),(60, 'Payment', '2023-03-10', 430.00),(61, 'Refund', '2023-03-11', 150.00),
(62, 'Payment', '2023-03-12', 475.00),(63, 'Refund', '2023-03-13', 125.00),(64, 'Payment', '2023-03-14', 360.00),(65, 'Payment', '2023-03-15', 390.00),(66, 'Refund', '2023-03-16', 100.00),(67, 'Payment', '2023-03-17', 420.00),
(68, 'Payment', '2023-03-18', 510.00),(69, 'Refund', '2023-03-19', 150.00),(70, 'Payment', '2023-03-20', 440.00),(71, 'Payment', '2023-03-21', 330.00),(72, 'Refund', '2023-03-22', 110.00),
(73, 'Payment', '2023-03-23', 480.00),(74, 'Refund', '2023-03-24', 90.00),(75, 'Payment', '2023-03-25', 370.00),(76, 'Payment', '2023-03-26', 295.00),(77, 'Refund', '2023-03-27', 135.00),
(78, 'Payment', '2023-03-28', 520.00),(79, 'Refund', '2023-03-29', 80.00),(80, 'Payment', '2023-03-30', 600.00),(81, 'Payment', '2023-03-31', 350.00),(82, 'Payment', '2023-04-01', 250.00),
(83, 'Refund', '2023-04-02', 75.00),(84, 'Payment', '2023-04-03', 485.00),(85, 'Payment', '2023-04-04', 320.00),(86, 'Refund', '2023-04-05', 105.00),(87, 'Payment', '2023-04-06', 530.00),
(88, 'Payment', '2023-04-07', 400.00),(89, 'Refund', '2023-04-08', 140.00),(90, 'Payment', '2023-04-09', 460.00),(91, 'Payment', '2023-04-10', 380.00),(92, 'Refund', '2023-04-11', 95.00),
(93, 'Payment', '2023-04-12', 510.00),(94, 'Refund', '2023-04-13', 120.00),(95, 'Payment', '2023-04-14', 350.00),(96, 'Payment', '2023-04-15', 420.00),(97, 'Refund', '2023-04-16', 80.00),
(98, 'Payment', '2023-04-17', 560.00),(99, 'Refund', '2023-04-18', 130.00),(100, 'Payment', '2023-04-19', 470.00),(101, 'Payment', '2023-04-20', 360.00);


INSERT INTO [Table] (Table_ID, Table_Number, Seating_Capacity) VALUES
(1, 101, 4),(2, 102, 6),(3, 103, 8),(4, 104, 2),(5, 105, 4),(6, 106, 6),(7, 107, 8),(8, 108, 2),(9, 109, 4),(10, 110, 6),(11, 111, 8),(12, 112, 2),(13, 113, 4),(14, 114, 6),
(15, 115, 8),(16, 116, 2),(17, 117, 4),(18, 118, 6),(19, 119, 8),(20, 120, 2),(21, 121, 4),(22, 122, 6),(23, 123, 8),(24, 124, 2),(25, 125, 4),(26, 126, 6),
(27, 127, 8),(28, 128, 2),(29, 129, 4),(30, 130, 6),(31, 131, 8),(32, 132, 2),(33, 133, 4),(34, 134, 6),(35, 135, 8),(36, 136, 2),(37, 137, 4),(38, 138, 6),(39, 139, 8),(40, 140, 2);

INSERT INTO Restaurant (Restaurant_ID, Restaurant_Name) VALUES
(1, 'The Bistro'),(2, 'The Grill House'),(3, 'Seafood Haven'),(4, 'Italian Delight');

INSERT INTO [Order] (Order_ID, Customer_ID, Employee_ID, Transaction_ID) VALUES
(1, 21, 1, 1),(2, 22, 2, 2),(3, 23, 3, 3),(4, 24, 4, 4),(5, 25, 5, 5),(6, 26, 6, 6),(7, 27, 7, 7),(8, 28, 8, 8),(9, 29, 9, 9),(10, 30, 10, 10),(11, 31, 11, 11),
(12, 32, 12, 12),(13, 33, 13, 13),(14, 34, 14, 14),(15, 35, 15, 15),(16, 36, 16, 16),(17, 37, 17, 17),(18, 38, 18, 18),(19, 39, 19, 19),(20, 40, 20, 20),(21, 41, 1, 21),(22, 42, 2, 22),
(23, 43, 3, 23),(24, 44, 4, 24),(25, 45, 5, 25),(26, 46, 6, 26),(27, 47, 7, 27),(28, 48, 8, 28),(29, 49, 9, 29),(30, 50, 10, 30),(31, 51, 11, 31),(32, 52, 12, 32),(33, 53, 13, 33),
(34, 54, 14, 34),(35, 55, 15, 35),(36, 56, 16, 36),(37, 57, 17, 37),(38, 58, 18, 38),(39, 59, 19, 39),(40, 60, 20, 40),(41, 61, 1, 41),(42, 62, 2, 42),(43, 63, 3, 43),(44, 64, 4, 44),(45, 65, 5, 45),
(46, 66, 6, 46),(47, 67, 7, 47),(48, 68, 8, 48),(49, 69, 9, 49),(50, 70, 10, 50);

INSERT INTO [Order] (Order_ID, Customer_ID, Employee_ID, Transaction_ID) VALUES
(51,2,5,51), (52,3,7,52),(53,4,10,53), (54,5,16,54), (55,6,12,35), (56,2,14,56), (57,8,17,57);

Insert into [Room_Service] (OrderID,Room_ID) Values 
(51,24), (52,25), (53, 12), (54,13), (55,7), (56,3), (57,17);

INSERT INTO Restaurant_Order (OrderID, Restaurant_ID, Table_ID) VALUES
(1, 1, 1),(2, 2, 2),(3, 3, 3),(4, 4, 4),(5, 1, 5),(6, 2, 6),(7, 3, 7),(8, 4, 8),(9, 1, 9),(10, 2, 10),(11, 3, 11),(12, 4, 12),(13, 1, 13),(14, 2, 14),
(15, 3, 15),(16, 4, 16),(17, 1, 17),(18, 2, 18),(19, 3, 19),(20, 4, 20),(21, 1, 21),(22, 2, 22),(23, 3, 23),(24, 4, 24),(25, 1, 25),(26, 2, 26),(27, 3, 27),(28, 4, 28),(29, 1, 29),
(30, 2, 30),(31, 3, 31),(32, 4, 32),(33, 1, 33),(34, 2, 34),(35, 3, 35),(36, 4, 36),(37, 1, 37),(38, 2, 38),(39, 3, 39),(40, 4, 40);


INSERT INTO Reservation (ReservationID, Check_in, Check_out, Reservation_date, Customer_ID, Room_ID, Transaction_ID) VALUES
 
(1, '2023-03-08', '2023-03-10', '2023-03-01', 1, 1, 58),
(2, '2023-03-10', '2023-03-12', '2023-03-01', 2, 2, 59),
(3, '2023-03-12', '2023-03-14', '2023-03-01', 3, 3, 60),
(4, '2023-03-14', '2023-03-16', '2023-03-01', 4, 4, 61),
(5, '2023-03-16', '2023-03-18', '2023-03-01', 5, 5, 62),
(6, '2023-03-18', '2023-03-20', '2023-03-01', 6, 6, 63),
(7, '2023-03-20', '2023-03-22', '2023-03-01', 7, 7, 64),
(8, '2023-03-22', '2023-03-24', '2023-03-01', 8, 8, 65),
(9, '2023-03-24', '2023-03-26', '2023-03-01', 9, 9, 66),
(10, '2023-03-26', '2023-03-28', '2023-03-01', 10, 10, 67),
(11, '2023-03-28', '2023-03-30', '2023-03-01', 11, 11, 68),
(12, '2023-03-30', '2023-04-01', '2023-03-01', 12, 12, 69),
(13, '2023-04-01', '2023-04-03', '2023-03-01', 13, 13, 70),
(14, '2023-04-03', '2023-04-05', '2023-03-01', 14, 14, 71),
(15, '2023-04-05', '2023-04-07', '2023-03-01', 15, 15, 72),
(16, '2023-04-07', '2023-04-09', '2023-03-01', 16, 16, 73),
(17, '2023-04-09', '2023-04-11', '2023-03-01', 17, 17, 74),
(18, '2023-04-11', '2023-04-13', '2023-03-01', 18, 18, 75),
(19, '2023-04-13', '2023-04-15', '2023-03-01', 19, 19, 76),
(20, '2023-04-15', '2023-04-17', '2023-03-01', 20, 20, 77);

INSERT INTO Parking (Parking_ID, Phone_Number, Parking_Spot_number, Customer_ID, Employee_ID) VALUES
(1, '9876543210', 101, 1, 21),
(2, '0987654321', 102, 2, 22),
(3, '1112223333', 103, 3, 23),
(4, '9998887777', 104, 4, 24),
(5, '7778889999', 105, 5, 25),
(6, '5556667777', 106, 6, 21),
(7, '3334445555', 107, 7, 22),
(8, '6667778888', 108, 8, 23),
(9, '2223334444', 109, 9, 24),
(10, '4445556666', 110, 10, 25),
(11, '8889990000', 111, 11, 21),
(12, '5554443333', 112, 12, 22),
(13, '1112223333', 113, 13, 23),
(14, '6665554444', 114, 14, 24),
(15, '3332221111', 115, 15, 25),
(16, '9998887777', 116, 16, 21),
(17, '4445556666', 117, 17, 22),
(18, '8889990000', 118, 18, 23),
(19, '5556667777', 119, 19, 24),
(20, '2223334444', 120, 20, 25);

INSERT INTO Reservations_made_by (ReservationID, Employee_ID) VALUES
 
(1, 1),
(2, 2),
(3, 3),
(4, 4),
(5, 5),
(6, 6),
(7, 7),
(8, 8),
(9, 9),
(10, 10),
(11, 11),
(12, 12),
(13, 13),
(14, 14),
(15, 15),
(16, 16),
(17, 17),
(18, 18),
(19, 19),
(20, 20);


